Drug	Gene	Pos	Ref	Ale	log2MIC
INH	fabG1	1673432	T	C	-3.89
INH	fabG1	1673432	T	A	-3.39
INH	inhA	A94	S	A	-3.06
INH	katG	A142	D	G	-2.71
INH	ahpC	2726145	G	A	-2.25
INH	fabG1	1673425	C	T	-1.70
INH	fabG1	A203	L	L	-1.82
INH	ahpC	1673421	C	T	-1.50
INH	katG	A315	S	G	0.00
INH	katG	A1	V	A	0.67
INH	katG	A315	S	N	1.19
INH	katG	A315	S	T	1.52
INH	ahpC	2726112	C	T	2
INH	katG			CC	2
RIF	rpoB	A545	D	E	-2.79
RIF	rpoB	A430	L	P	-0.53
RIF	rpoB	A491	I	F	-0.20
RIF	rpoB	A452	L	P	0.24
RIF	rpoB	A445	H	L	1.60
RIF	rpoB	A445	H	N	2.10
RIF	rpoB	A435	D	Y	2.25
RIF	rpoB	A441	S	L	3.67
RIF	rpoB	A445	H	D	3.88
RIF	rpoB	A170	V	F	4
RIF	rpoB	A450	S	W	4
RIF	rpoB	A445	H	R	4
RIF	rpoB	A435	D	V	4
RIF	rpoB	A445	H	Y	4
RIF	rpoB	A450	S	L	4
EMB	nogene	4243221	C	T	0.83
EMB	nogene	4243220	C	A	2.00
EMB	embB	A406	G	A	2.04
EMB	embB	A406	G	S	2.11
EMB	embB	A306	M	I	2.25
EMB	embB	A406	G	D	2.36
EMB	embB	A354	D	A	2.40
EMB	embB	A497	Q	K	2.60
EMB	embB	A497	Q	R	2.60
EMB	embB	A306	M	V	3.25
MXF	gyrB	A504	A	V	0.2
MXF	gyrB	A461	D	N	0.38
MXF	gyrA	A94	D	A	0.66
MXF	gyrA	A90	A	V	1.07
MXF	gyrA	A94	D	Y	1.29
MXF	gyrA	A91	S	P	2.00
MXF	gyrA	A94	D	G	2.27
MXF	gyrA	A94	D	N	2.64
MXF	gyrA	A94	D	H	2.67
RFB	rpoB	A441	S	L	-1.35
RFB	rpoB	A445	H	L	-1.22
RFB	rpoB	A435	D	Y	-0.61
RFB	rpoB	A452	L	P	-0.60
RFB	rpoB	A445	H	N	0.09
RFB	rpoB	A435	D	G	0.24
RFB	rpoB	A170	V	F	2.50
RFB	rpoB	A450	S	W	2.50
RFB	rpoB	A450	S	L	2.94
RFB	rpoB	A445	H	D	3.25
RFB	rpoB	A445	H	R	3.33
RFB	rpoB	A445	H	Y	3.36
SZ	gid	del102			0.86
SZ	rpsL	A88	K	T	1.20
SZ	rrs	1472362	C	T	1.80
SZ	rrs	1472359	A	T	2.00
SZ	gid	del115			2.57
SZ	rrs	A514	A	C	3.11
SZ	rpsL	A88	K	R	3.95
SZ	rpsL	A43	K	R	4.89
KAN	nogene	2714114	G	A	3.32
KAN	rrs	1473246	A	G	4.96
KAN	rrs	1473329	G	T	5.32
KAN	nogene	2714110	C	T	5.32
ETH	inhA	A94	S	A	1.32
ETH	fabG1	1673425	C	T	2.61
