Drug	Gene	Pos	Ref	Ale	log2MIC	MIC	longDrug	new
INH	nogene	1673432	T	C	-3.89	0.07	Isoniazid	inhA_c.-770T>C
INH	nogene	1673432	T	A	-3.39	0.1	Isoniazid	inhA_c.-770T>A
INH	inhA	A94	S	A	-3.06	0.12	Isoniazid	inhA_p.Ser94Ala
INH	katG	A142	D	G	-2.71	0.15	Isoniazid	katG_p.Asp142Gly
INH	ahpC	1673420	C	T	-1.5	0.35	Isoniazid	inhA_c.-782C>T
INH	katG	A315	S	G	0.0	1.0	Isoniazid	katG_p.Ser315Gly
INH	katG	A1	V	A	0.67	1.59	Isoniazid	katG_p.Val1Ala
INH	katG	A315	S	N	1.19	2.28	Isoniazid	katG_p.Ser315Asn
INH	katG	A315	S	T	1.52	2.87	Isoniazid	katG_p.Ser315Thr
INH	ahpC	2726112	C	T	2.0	4.0	Isoniazid	ahpC_c.-81C>T
RIF	rpoB	A545	D	E	-2.79	0.14	Rifampicin	rpoB_p.Asp545Glu
RIF	rpoB	A430	L	P	-0.53	0.69	Rifampicin	rpoB_p.Leu430Pro
RIF	rpoB	A491	I	F	-0.2	0.87	Rifampicin	rpoB_p.Ile491Phe
RIF	rpoB	A452	L	P	0.24	1.18	Rifampicin	rpoB_p.Leu452Pro
RIF	rpoB	A445	H	L	1.6	3.03	Rifampicin	rpoB_p.His445Leu
RIF	rpoB	A445	H	N	2.1	4.29	Rifampicin	rpoB_p.His445Asn
RIF	rpoB	A435	D	Y	2.25	4.76	Rifampicin	rpoB_p.Asp435Tyr
RIF	rpoB	A441	S	L	3.67	12.73	Rifampicin	rpoB_p.Ser441Leu
RIF	rpoB	A445	H	D	3.88	14.72	Rifampicin	rpoB_p.His445Asp
RIF	rpoB	A170	V	F	4.0	16.0	Rifampicin	rpoB_p.Val170Phe
RIF	rpoB	A450	S	W	4.0	16.0	Rifampicin	rpoB_p.Ser450Trp
RIF	rpoB	A445	H	R	4.0	16.0	Rifampicin	rpoB_p.His445Arg
RIF	rpoB	A435	D	V	4.0	16.0	Rifampicin	rpoB_p.Asp435Val
RIF	rpoB	A445	H	Y	4.0	16.0	Rifampicin	rpoB_p.His445Tyr
RIF	rpoB	A450	S	L	4.0	16.0	Rifampicin	rpoB_p.Ser450Leu
EMB	embB	A406	G	A	2.04	4.11	Ethambutol	embB_p.Gly406Ala
EMB	embB	A406	G	S	2.11	4.32	Ethambutol	embB_p.Gly406Ser
EMB	embB	A306	M	I	2.25	4.76	Ethambutol	embB_p.Met306Ile
EMB	embB	A406	G	D	2.36	5.13	Ethambutol	embB_p.Gly406Asp
EMB	embB	A354	D	A	2.4	5.28	Ethambutol	embB_p.Asp354Ala
EMB	embB	A497	Q	K	2.6	6.06	Ethambutol	embB_p.Gln497Lys
EMB	embB	A497	Q	R	2.6	6.06	Ethambutol	embB_p.Gln497Arg
EMB	embB	A306	M	V	3.25	9.51	Ethambutol	embB_p.Met306Val
MXF	gyrB	A504	A	V	0.2	1.15	Moxifloxacin	gyrB_p.Ala504Val
MXF	gyrB	A461	D	N	0.38	1.3	Moxifloxacin	gyrB_p.Asp461Asn
MXF	gyrA	A94	D	A	0.66	1.58	Moxifloxacin	gyrA_p.Asp94Ala
MXF	gyrA	A90	A	V	1.07	2.1	Moxifloxacin	gyrA_p.Ala90Val
MXF	gyrA	A94	D	Y	1.29	2.45	Moxifloxacin	gyrA_p.Asp94Tyr
MXF	gyrA	A91	S	P	2.0	4.0	Moxifloxacin	gyrA_p.Ser91Pro
MXF	gyrA	A94	D	G	2.27	4.82	Moxifloxacin	gyrA_p.Asp94Gly
MXF	gyrA	A94	D	N	2.64	6.23	Moxifloxacin	gyrA_p.Asp94Asn
MXF	gyrA	A94	D	H	2.67	6.36	Moxifloxacin	gyrA_p.Asp94His
RFB	rpoB	A441	S	L	-1.35	0.39	-	rpoB_p.Ser441Leu
RFB	rpoB	A445	H	L	-1.22	0.43	-	rpoB_p.His445Leu
RFB	rpoB	A435	D	Y	-0.61	0.66	-	rpoB_p.Asp435Tyr
RFB	rpoB	A452	L	P	-0.6	0.66	-	rpoB_p.Leu452Pro
RFB	rpoB	A445	H	N	0.09	1.06	-	rpoB_p.His445Asn
RFB	rpoB	A435	D	G	0.24	1.18	-	rpoB_p.Asp435Gly
RFB	rpoB	A170	V	F	2.5	5.66	-	rpoB_p.Val170Phe
RFB	rpoB	A450	S	W	2.5	5.66	-	rpoB_p.Ser450Trp
RFB	rpoB	A450	S	L	2.94	7.67	-	rpoB_p.Ser450Leu
RFB	rpoB	A445	H	D	3.25	9.51	-	rpoB_p.His445Asp
RFB	rpoB	A445	H	R	3.33	10.06	-	rpoB_p.His445Arg
RFB	rpoB	A445	H	Y	3.36	10.27	-	rpoB_p.His445Tyr
SZ	rpsL	A88	K	T	1.2	2.3	Streptomycin	rpsL_p.Lys88Thr
SZ	rrs	1472362	C	T	1.8	3.48	Streptomycin	rrs_n.517C>T
SZ	rrs	1472359	A	T	2.0	4.0	Streptomycin	rrs_n.514A>T
SZ	rrs	A514	A	C	3.11	8.63	Streptomycin	rrs_p.Ala514Cys
SZ	rpsL	A88	K	R	3.95	15.45	Streptomycin	rpsL_p.Lys88Arg
SZ	rpsL	A43	K	R	4.89	29.65	Streptomycin	rpsL_p.Lys43Arg
KAN	rrs	1473246	A	G	4.96	31.12	Kanamycin	rrs_n.1401A>G
KAN	rrs	1473329	G	T	5.32	39.95	Kanamycin	rrs_n.1484G>T
ETH	inhA	A94	S	A	1.32	2.5	Ethionamide	inhA_p.Ser94Ala
ETH	fabG1	1673425	C	T	2.61	6.11	Ethionamide	inhA_c.-777C>T
